{
  "train_loss": [
    1162.0117193151402,
    854.163055702492,
    785.532196327492
  ],
  "train_recon": [
    1102.0183453030056,
    782.8096319127966,
    716.3988438359013
  ],
  "train_kl": [
    59.99337419977895,
    71.35342216491699,
    69.13335319801614
  ],
  "val_loss": [
    773.270966131037,
    723.7220958362926,
    668.5702425870029
  ],
  "val_recon": [
    702.1340731534091,
    658.8917613636364,
    604.6340637207031
  ],
  "val_kl": [
    71.13689297762784,
    64.83033010309393,
    63.93617824207653
  ],
  "lr": [
    0.001,
    0.0007525,
    0.00025750000000000013
  ]
}